/*
Navicat MySQL Data Transfer

Source Server         : 10.26.230.144
Source Server Version : 50130
Source Host           : 10.26.230.144:3306
Source Database       : pdf_2

Target Server Type    : MYSQL
Target Server Version : 50130
File Encoding         : 65001

Date: 2017-10-09 12:28:39
*/

SET FOREIGN_KEY_CHECKS=0;

-- ----------------------------
-- Table structure for `file`
-- ----------------------------
DROP TABLE IF EXISTS `file`;
CREATE TABLE `file` (
  `order_name` varchar(25) NOT NULL,
  `file_id` int(11) NOT NULL AUTO_INCREMENT,
  `order_id` varchar(20) NOT NULL,
  `file_path` varchar(30) NOT NULL,
  `client_name` varchar(20) NOT NULL,
  `end_time` date NOT NULL,
  `modify_time` datetime NOT NULL,
  `order_time` date NOT NULL,
  `edit_time` int(11) unsigned zerofill NOT NULL,
  `locked` int(1) unsigned zerofill NOT NULL,
  `delivery_time` date NOT NULL,
  `order_state` int(4) NOT NULL,
  `edition` int(4) NOT NULL,
  `schedule` int(30) NOT NULL,
  `user_id` int(11) NOT NULL,
  `explain` varchar(100) DEFAULT NULL,
  `remark` varchar(100) DEFAULT NULL,
  PRIMARY KEY (`file_id`)
) ENGINE=InnoDB AUTO_INCREMENT=75 DEFAULT CHARSET=utf8;

-- ----------------------------
-- Records of file
-- ----------------------------
INSERT INTO `file` VALUES ('订单1', '1', '20170925102845', '2.pdf', 'hhh', '2017-09-25', '2017-09-25 10:28:45', '2017-09-25', '00000000000', '0', '2017-09-25', '1', '0', '0', '1', 'hh', 'h');
INSERT INTO `file` VALUES ('订单02', '2', '20170925103409', '2.pdf', 'hh', '2017-09-25', '2017-09-25 10:34:09', '2017-09-25', '00000000000', '1', '2017-09-25', '1', '1', '0', '3', 'hh', 'h');
INSERT INTO `file` VALUES ('订单1', '3', '20170925102845', '2.pdf', 'hhh', '2017-09-25', '2017-09-25 11:07:41', '2017-09-25', '00000000001', '0', '2017-09-25', '1', '0', '0', '4', 'hh', 'h');
INSERT INTO `file` VALUES ('订单1', '4', '20170925102845', '3.pdf', 'hhh', '2017-09-25', '2017-09-25 11:12:22', '2017-09-25', '00000000002', '0', '2017-09-25', '1', '0', '0', '4', 'hh', 'h');
INSERT INTO `file` VALUES ('订单1', '5', '20170925102845', '4.pdf', 'hhh', '2017-09-25', '2017-09-25 11:17:53', '2017-09-25', '00000000003', '1', '2017-09-25', '1', '1', '0', '4', 'hh', 'h');
INSERT INTO `file` VALUES ('233', '6', '20170925112527', '6.pdf', '1', '2017-09-25', '2017-09-25 11:25:27', '2017-09-25', '00000000000', '0', '2017-09-25', '1', '0', '0', '1', '1', '1');
INSERT INTO `file` VALUES ('233', '7', '20170925112527', '6.pdf', '1', '2017-09-25', '2017-09-25 11:39:07', '2017-09-25', '00000000001', '0', '2017-09-25', '0', '0', '0', '4', '1', '1');
INSERT INTO `file` VALUES ('233', '8', '20170925112527', '7.pdf', '1', '2017-09-25', '2017-09-25 11:40:18', '2017-09-25', '00000000001', '0', '2017-09-25', '0', '0', '0', '4', '1', '1');
INSERT INTO `file` VALUES ('233', '9', '20170925112527', '8.pdf', '1', '2017-09-25', '2017-09-25 11:40:57', '2017-09-25', '00000000001', '0', '2017-09-25', '1', '1', '2', '1', '1', '1');
INSERT INTO `file` VALUES ('www', '10', '20170925114415', '10.pdf', '等等', '2017-09-25', '2017-09-25 11:44:15', '2017-09-25', '00000000000', '0', '2017-09-25', '1', '0', '0', '1', '奋斗奋斗', '发');
INSERT INTO `file` VALUES ('www', '11', '20170925114415', '10.pdf', '等等', '2017-09-25', '2017-09-25 11:44:47', '2017-09-25', '00000000001', '0', '2017-09-25', '1', '0', '1', '1', '奋斗奋斗', '发');
INSERT INTO `file` VALUES ('www', '12', '20170925114415', '10.pdf', '等等', '2017-09-25', '2017-09-25 11:45:26', '2017-09-25', '00000000002', '0', '2017-09-25', '1', '0', '1', '1', '奋斗奋斗', '发');
INSERT INTO `file` VALUES ('www', '13', '20170925114415', '10.pdf', '等等', '2017-09-25', '2017-09-25 11:46:13', '2017-09-25', '00000000003', '0', '2017-09-25', '1', '0', '1', '1', '奋斗奋斗', '发');
INSERT INTO `file` VALUES ('www', '14', '20170925114415', '10.pdf', '等等', '2017-09-25', '2017-09-25 11:52:16', '2017-09-25', '00000000004', '1', '2017-09-25', '1', '1', '1', '1', '奋斗奋斗', '发');
INSERT INTO `file` VALUES ('2324', '15', '20170925120447', '15.pdf', 'dwfgh', '2017-09-25', '2017-09-25 12:04:47', '2017-09-25', '00000000000', '0', '2017-09-25', '1', '0', '0', '1', 'sd', '');
INSERT INTO `file` VALUES ('2324', '16', '20170925120447', '15.pdf', 'dwfgh', '2017-09-25', '2017-09-25 12:05:54', '2017-09-25', '00000000001', '1', '2017-09-25', '1', '1', '1', '1', 'sd', '');
INSERT INTO `file` VALUES ('天天', '17', '20170925121034', '17.pdf', '天天', '2017-09-25', '2017-09-25 12:10:34', '2017-09-25', '00000000000', '0', '2017-09-25', '1', '0', '0', '1', '天天', '天天');
INSERT INTO `file` VALUES ('天天', '18', '20170925121034', '17.pdf', '天天', '2017-09-25', '2017-09-25 12:11:15', '2017-09-25', '00000000001', '0', '2017-09-25', '1', '0', '1', '1', '天天', '天天');
INSERT INTO `file` VALUES ('天天', '19', '20170925121034', 'D:/pdf/project/19.pdf', '天天', '2017-09-25', '2017-09-25 12:13:38', '2017-09-25', '00000000002', '0', '2017-09-25', '1', '0', '1', '1', '天天', '天天');
INSERT INTO `file` VALUES ('天天', '20', '20170925121034', '20.pdf', '天天', '2017-09-25', '2017-09-25 12:14:54', '2017-09-25', '00000000003', '1', '2017-09-25', '1', '1', '1', '1', '天天', '天天');
INSERT INTO `file` VALUES ('哈哈', '21', '20170925121605', '21.pdf', '哈哈', '2017-09-25', '2017-09-25 12:16:05', '2017-09-25', '00000000000', '0', '2017-09-25', '1', '0', '0', '1', '哈哈', '哈哈 ');
INSERT INTO `file` VALUES ('哈哈', '22', '20170925121605', '22.pdf', '哈哈', '2017-09-25', '2017-09-25 12:16:19', '2017-09-25', '00000000001', '0', '2017-09-25', '1', '0', '1', '1', '哈哈', '哈哈 ');
INSERT INTO `file` VALUES ('哈哈', '23', '20170925121605', '23.pdf', '哈哈', '2017-09-25', '2017-09-25 12:17:36', '2017-09-25', '00000000002', '1', '2017-09-25', '1', '1', '1', '1', '哈哈', '哈哈 ');
INSERT INTO `file` VALUES ('22', '24', '20170925121857', '24.pdf', '33', '2017-09-25', '2017-09-25 12:18:57', '2017-09-25', '00000000000', '0', '2017-09-25', '1', '0', '0', '1', 'ff', '');
INSERT INTO `file` VALUES ('22', '25', '20170925121857', '25.pdf', '33', '2017-09-25', '2017-09-25 12:20:46', '2017-09-25', '00000000001', '0', '2017-09-25', '1', '0', '1', '1', 'ff', '');
INSERT INTO `file` VALUES ('22', '26', '20170925121857', '26.pdf', '33', '2017-09-25', '2017-09-25 12:27:11', '2017-09-25', '00000000002', '1', '2017-09-25', '1', '1', '1', '1', 'ff', '');
INSERT INTO `file` VALUES ('有有有', '27', '20170925132639', '27.pdf', '我我我', '2017-09-25', '2017-09-25 13:26:39', '2017-09-25', '00000000000', '0', '2017-09-25', '1', '1', '2', '1', '我我我', '我我我');
INSERT INTO `file` VALUES ('有有有', '28', '20170925132639', '27.pdf', '我我我', '2017-09-25', '2017-09-25 13:30:42', '2017-09-25', '00000000001', '0', '2017-09-25', '0', '0', '0', '4', '我我我', '我我我');
INSERT INTO `file` VALUES ('嘀嘀嘀', '29', '20170925133149', '29.pdf', '嘀嘀嘀', '2017-09-25', '2017-09-25 13:31:49', '2017-09-25', '00000000000', '0', '2017-09-25', '1', '0', '0', '1', '嘀嘀嘀', '嘀嘀嘀点点滴滴滴答滴答滴答滴答滴答滴答滴答滴答滴答ssssss嘀嘀嘀');
INSERT INTO `file` VALUES ('嘀嘀嘀', '30', '20170925133149', '29.pdf', '嘀嘀嘀', '2017-09-25', '2017-09-25 13:35:59', '2017-09-25', '00000000001', '0', '2017-09-25', '1', '0', '0', '1', '嘀嘀嘀', '嘀嘀嘀点点滴滴滴答滴答滴答滴答滴答滴答滴答滴答滴答ssssss嘀嘀嘀');
INSERT INTO `file` VALUES ('嘀嘀嘀', '31', '20170925133149', '30.pdf', '嘀嘀嘀', '2017-09-25', '2017-09-25 13:36:29', '2017-09-25', '00000000002', '0', '2017-09-25', '1', '0', '0', '4', '嘀嘀嘀', '嘀嘀嘀点点滴滴滴答滴答滴答滴答滴答滴答滴答滴答滴答ssssss嘀嘀嘀');
INSERT INTO `file` VALUES ('嘀嘀嘀', '32', '20170925133149', '31.pdf', '嘀嘀嘀', '2017-09-25', '2017-09-25 13:37:06', '2017-09-25', '00000000003', '1', '2017-09-25', '1', '1', '0', '4', '嘀嘀嘀', '嘀嘀嘀点点滴滴滴答滴答滴答滴答滴答滴答滴答滴答滴答ssssss嘀嘀嘀');
INSERT INTO `file` VALUES ('233', '33', '20170925135356', '33.pdf', '233', '2017-09-25', '2017-09-25 13:53:56', '2017-09-25', '00000000000', '1', '2017-09-25', '1', '1', '0', '1', '233', '332');
INSERT INTO `file` VALUES ('333', '34', '20170925135543', '34.pdf', '333', '2017-09-25', '2017-09-25 13:55:43', '2017-09-25', '00000000000', '1', '2017-09-25', '1', '1', '0', '1', '333', '333');
INSERT INTO `file` VALUES ('1111', '35', '20170925140008', '35.pdf', '1111', '2017-09-25', '2017-09-25 14:00:08', '2017-09-25', '00000000000', '1', '2017-09-25', '1', '1', '0', '1', '1111', '1111');
INSERT INTO `file` VALUES ('2222', '36', '20170925140024', '36.pdf', '1111', '2017-09-25', '2017-09-25 14:00:24', '2017-09-25', '00000000000', '0', '2017-09-25', '1', '1', '2', '1', '1111', '111');
INSERT INTO `file` VALUES ('2222', '37', '20170925140024', '36.pdf', '1111', '2017-09-25', '2017-09-25 14:08:13', '2017-09-25', '00000000001', '0', '2017-09-25', '0', '0', '0', '1', '1111', '111');
INSERT INTO `file` VALUES ('6666', '38', '20170925141653', '38.pdf', '66', '2017-09-25', '2017-09-25 14:16:53', '2017-09-25', '00000000000', '0', '2017-09-25', '1', '0', '0', '1', '66', '66');
INSERT INTO `file` VALUES ('wanghy', '39', '20170925142449', '39.pdf', 'sd', '2017-09-25', '2017-09-25 14:24:49', '2017-09-25', '00000000000', '0', '2017-09-25', '1', '0', '0', '1', 'cg', '');
INSERT INTO `file` VALUES ('wangv', '40', '20170925142649', '40.pdf', 'g', '2017-09-25', '2017-09-25 14:26:49', '2017-09-25', '00000000000', '1', '2017-09-25', '1', '1', '0', '1', '33ff', '');
INSERT INTO `file` VALUES ('seles', '41', '20170925142806', '41.pdf', 'ddv', '2017-09-25', '2017-09-25 14:28:06', '2017-09-25', '00000000000', '1', '2017-09-25', '1', '1', '0', '1', 'gggdd', '');
INSERT INTO `file` VALUES ('6666', '42', '20170925141653', '41.pdf', '66', '2017-09-25', '2017-09-25 14:30:51', '2017-09-25', '00000000001', '1', '2017-09-25', '1', '1', '0', '4', '66', '66');
INSERT INTO `file` VALUES ('wanghy', '43', '20170925142449', '43.pdf', 'sd', '2017-09-25', '2017-09-25 14:31:26', '2017-09-25', '00000000001', '0', '2017-09-25', '1', '0', '1', '1', 'cg', '');
INSERT INTO `file` VALUES ('wanghy', '44', '20170925142449', '44.pdf', 'sd', '2017-09-25', '2017-09-25 14:38:21', '2017-09-25', '00000000002', '0', '2017-09-25', '1', '1', '2', '1', 'cg', '');
INSERT INTO `file` VALUES ('', '45', '20170925144925', '45.pdf', '', '2017-09-25', '2017-09-25 14:49:25', '2017-09-25', '00000000000', '0', '2017-09-25', '0', '1', '2', '1', '', '');
INSERT INTO `file` VALUES ('t1', '46', '20170926133839', '46.pdf', 't2', '2017-09-26', '2017-09-26 13:38:39', '2017-09-26', '00000000000', '1', '2017-09-26', '1', '1', '0', '1', 't2', '');
INSERT INTO `file` VALUES ('t1', '47', '20170926133839', '47.pdf', 't2', '2017-09-26', '2017-09-26 13:39:04', '2017-09-26', '00000000001', '0', '2017-09-26', '0', '0', '1', '1', 't2', '');
INSERT INTO `file` VALUES ('去去去', '48', '20170927093003', '48.pdf', '去去去', '2017-09-27', '2017-09-27 09:30:03', '2017-09-27', '00000000000', '0', '2017-09-27', '1', '0', '0', '1', '去去去', '');
INSERT INTO `file` VALUES ('去去去', '49', '20170927093003', '49.pdf', '去去去', '2017-09-27', '2017-09-27 09:32:15', '2017-09-27', '00000000001', '0', '2017-09-27', '1', '0', '1', '1', '去去去', '');
INSERT INTO `file` VALUES ('去去去', '50', '20170927093003', '50.pdf', '去去去', '2017-09-27', '2017-09-27 09:33:03', '2017-09-27', '00000000002', '0', '2017-09-27', '1', '0', '1', '1', '去去去', '');
INSERT INTO `file` VALUES ('去去去', '51', '20170927093003', '51.pdf', '去去去', '2017-09-27', '2017-09-27 09:41:48', '2017-09-27', '00000000003', '1', '2017-09-27', '1', '1', '1', '3', '去去去', '');
INSERT INTO `file` VALUES ('咕咕咕', '52', '20170927094327', '52.pdf', '咕咕咕', '2017-09-27', '2017-09-27 09:43:27', '2017-09-27', '00000000000', '1', '2017-09-27', '1', '1', '0', '3', '咕咕咕', '');
INSERT INTO `file` VALUES ('刚刚', '53', '20171006152752', '53.pdf', '哈哈', '2017-10-06', '2017-10-06 15:27:52', '2017-10-06', '00000000000', '0', '2017-10-06', '1', '0', '0', '1', '哈哈', '哈哈');
INSERT INTO `file` VALUES ('刚刚', '54', '20171006152752', '54.pdf', '哈哈', '2017-10-06', '2017-10-06 15:28:42', '2017-10-06', '00000000001', '0', '2017-10-06', '1', '1', '2', '1', '哈哈', '哈哈');
INSERT INTO `file` VALUES ('烫烫烫', '55', '20171006155011', '55.pdf', '的', '2017-10-06', '2017-10-06 15:50:11', '2017-10-06', '00000000000', '1', '2017-10-06', '1', '1', '0', '1', '的', '的');
INSERT INTO `file` VALUES ('嗷嗷嗷', '56', '20171006155102', '56.pdf', '啊', '2017-10-06', '2017-10-06 15:51:02', '2017-10-06', '00000000000', '1', '2017-10-06', '1', '1', '0', '1', '啊', '啊');
INSERT INTO `file` VALUES ('嗷嗷嗷', '57', '20171006155102', '57.pdf', '啊', '2017-10-06', '2017-10-06 15:51:36', '2017-10-06', '00000000001', '0', '2017-10-06', '0', '0', '1', '1', '啊', '啊');
INSERT INTO `file` VALUES ('123', '58', '20171006185919', '58.pdf', '123', '2017-10-06', '2017-10-06 18:59:19', '2017-10-06', '00000000000', '0', '2017-10-06', '1', '0', '0', '14', '123', '');
INSERT INTO `file` VALUES ('123', '59', '20171006185919', '58.pdf', '123', '2017-10-06', '2017-10-06 19:01:09', '2017-10-06', '00000000001', '0', '2017-10-06', '0', '0', '0', '16', '123', '');
INSERT INTO `file` VALUES ('123', '60', '20171006185919', '59.pdf', '123', '2017-10-06', '2017-10-06 19:02:19', '2017-10-06', '00000000002', '0', '2017-10-06', '0', '0', '0', '16', '123', '');
INSERT INTO `file` VALUES ('123', '61', '20171006185919', '60.pdf', '123', '2017-10-06', '2017-10-06 19:09:17', '2017-10-06', '00000000003', '0', '2017-10-06', '0', '0', '0', '16', '123', '');
INSERT INTO `file` VALUES ('123', '62', '20171006185919', '61.pdf', '123', '2017-10-06', '2017-10-06 19:10:53', '2017-10-06', '00000000004', '0', '2017-10-06', '0', '0', '0', '17', '123', '');
INSERT INTO `file` VALUES ('123', '63', '20171006185919', '62.pdf', '123', '2017-10-06', '2017-10-06 19:16:26', '2017-10-06', '00000000001', '0', '2017-10-06', '0', '0', '0', '16', '123', '');
INSERT INTO `file` VALUES ('123', '64', '20171006185919', '63.pdf', '123', '2017-10-06', '2017-10-06 19:27:26', '2017-10-06', '00000000002', '0', '2017-10-06', '0', '0', '0', '17', '123', '');
INSERT INTO `file` VALUES ('123', '65', '20171006185919', '64.pdf', '123', '2017-10-06', '2017-10-06 19:39:10', '2017-10-06', '00000000003', '0', '2017-10-06', '0', '0', '0', '17', '123', '');
INSERT INTO `file` VALUES ('123', '66', '20171006185919', '65.pdf', '123', '2017-10-06', '2017-10-06 19:50:14', '2017-10-06', '00000000002', '0', '2017-10-06', '0', '0', '0', '17', '123', '');
INSERT INTO `file` VALUES ('123', '67', '20171006185919', '66.pdf', '123', '2017-10-06', '2017-10-06 19:51:24', '2017-10-06', '00000000001', '0', '2017-10-06', '1', '1', '2', '17', '123', '');
INSERT INTO `file` VALUES ('my', '68', '20171006195614', '68.pdf', '1', '2017-10-06', '2017-10-06 19:56:14', '2017-10-06', '00000000000', '0', '2017-10-06', '1', '0', '0', '1', '1', '1');
INSERT INTO `file` VALUES ('my', '69', '20171006195614', '69.pdf', '1', '2017-10-06', '2017-10-06 19:57:16', '2017-10-06', '00000000001', '1', '2017-10-06', '1', '1', '1', '1', '1', '1');
INSERT INTO `file` VALUES ('11111', '70', '20171006201629', '70.pdf', '111', '2017-10-06', '2017-10-06 20:16:29', '2017-10-06', '00000000000', '1', '2017-10-06', '1', '1', '0', '1', '111', '111');
INSERT INTO `file` VALUES ('dg', '71', '20171006204953', '71.pdf', 'sdcscc', '2017-10-06', '2017-10-06 20:49:53', '2017-10-06', '00000000000', '1', '2017-10-06', '1', '1', '0', '1', 'ss', '');
INSERT INTO `file` VALUES ('last', '72', '20171007115505', '72.pdf', '1', '2017-10-07', '2017-10-07 11:55:05', '2017-10-07', '00000000000', '0', '2017-10-07', '1', '0', '0', '1', '1', '1');
INSERT INTO `file` VALUES ('last', '73', '20171007115505', '73.pdf', '1', '2017-10-07', '2017-10-07 11:58:14', '2017-10-07', '00000000001', '0', '2017-10-07', '1', '1', '1', '1', '1', '1');
INSERT INTO `file` VALUES ('test1', '74', '20171009122202', '74.pdf', '1', '2017-10-09', '2017-10-09 12:22:02', '2017-10-09', '00000000000', '1', '2017-10-09', '1', '1', '0', '1', '1', '1');

-- ----------------------------
-- Table structure for `log`
-- ----------------------------
DROP TABLE IF EXISTS `log`;
CREATE TABLE `log` (
  `log_id` int(11) NOT NULL AUTO_INCREMENT,
  `operate_time` datetime NOT NULL,
  `log_state` int(4) NOT NULL,
  `operate_desc` varchar(30) NOT NULL,
  `user_id` int(11) NOT NULL,
  `file_id` int(11) DEFAULT NULL,
  PRIMARY KEY (`log_id`)
) ENGINE=InnoDB AUTO_INCREMENT=215 DEFAULT CHARSET=utf8 ROW_FORMAT=COMPACT;

-- ----------------------------
-- Records of log
-- ----------------------------
INSERT INTO `log` VALUES ('1', '2017-09-25 10:28:45', '1', '添加订单', '1', '2');
INSERT INTO `log` VALUES ('2', '2017-09-25 10:34:09', '1', '添加订单', '3', '2');
INSERT INTO `log` VALUES ('3', '2017-09-25 10:56:51', '1', '下载订单', '0', '2');
INSERT INTO `log` VALUES ('4', '2017-09-25 10:59:22', '1', '下载订单', '0', '2');
INSERT INTO `log` VALUES ('5', '2017-09-25 10:59:48', '1', '下载订单', '0', '2');
INSERT INTO `log` VALUES ('6', '2017-09-25 11:01:16', '1', '下载订单', '0', '1');
INSERT INTO `log` VALUES ('7', '2017-09-25 11:06:04', '1', '下载订单', '0', '1');
INSERT INTO `log` VALUES ('8', '2017-09-25 11:07:41', '1', '提交订单', '4', '1');
INSERT INTO `log` VALUES ('9', '2017-09-25 11:11:58', '1', '下载订单', '0', '1');
INSERT INTO `log` VALUES ('10', '2017-09-25 11:12:22', '1', '提交订单', '4', '3');
INSERT INTO `log` VALUES ('11', '2017-09-25 11:16:40', '1', '下载订单', '0', '1');
INSERT INTO `log` VALUES ('12', '2017-09-25 11:17:53', '1', '提交订单', '4', '4');
INSERT INTO `log` VALUES ('13', '2017-09-25 11:18:06', '1', '下载订单', '0', '1');
INSERT INTO `log` VALUES ('14', '2017-09-25 11:19:20', '1', '下载订单', '0', '1');
INSERT INTO `log` VALUES ('15', '2017-09-25 11:25:27', '1', '添加订单', '1', '6');
INSERT INTO `log` VALUES ('16', '2017-09-25 11:26:02', '1', '下载订单', '0', '6');
INSERT INTO `log` VALUES ('17', '2017-09-25 11:36:07', '1', '下载订单', '0', '6');
INSERT INTO `log` VALUES ('18', '2017-09-25 11:38:11', '1', '下载订单', '0', '6');
INSERT INTO `log` VALUES ('19', '2017-09-25 11:39:07', '1', '提交订单', '4', '6');
INSERT INTO `log` VALUES ('20', '2017-09-25 11:39:20', '1', '撤回订单', '1', '6');
INSERT INTO `log` VALUES ('21', '2017-09-25 11:39:25', '1', '下载订单', '0', '6');
INSERT INTO `log` VALUES ('22', '2017-09-25 11:40:18', '1', '提交订单', '4', '6');
INSERT INTO `log` VALUES ('23', '2017-09-25 11:40:27', '1', '撤回订单', '1', '6');
INSERT INTO `log` VALUES ('24', '2017-09-25 11:40:42', '1', '下载订单', '0', '6');
INSERT INTO `log` VALUES ('25', '2017-09-25 11:40:57', '1', '提交订单', '1', '6');
INSERT INTO `log` VALUES ('26', '2017-09-25 11:41:01', '1', '下载订单', '0', '6');
INSERT INTO `log` VALUES ('27', '2017-09-25 11:41:59', '1', '审核订单', '1', '0');
INSERT INTO `log` VALUES ('28', '2017-09-25 11:44:15', '1', '添加订单', '1', '10');
INSERT INTO `log` VALUES ('29', '2017-09-25 11:44:24', '1', '修改订单', '1', '10');
INSERT INTO `log` VALUES ('30', '2017-09-25 11:44:47', '1', '上传订单', '1', '1');
INSERT INTO `log` VALUES ('31', '2017-09-25 11:45:03', '1', '修改订单', '1', '11');
INSERT INTO `log` VALUES ('32', '2017-09-25 11:45:26', '1', '上传订单', '1', '1');
INSERT INTO `log` VALUES ('33', '2017-09-25 11:45:34', '1', '修改订单', '1', '12');
INSERT INTO `log` VALUES ('34', '2017-09-25 11:46:13', '1', '上传订单', '1', '1');
INSERT INTO `log` VALUES ('35', '2017-09-25 11:50:39', '1', '修改订单', '1', '13');
INSERT INTO `log` VALUES ('36', '2017-09-25 11:52:16', '1', '上传订单', '1', '1');
INSERT INTO `log` VALUES ('37', '2017-09-25 12:04:47', '1', '添加订单', '1', '15');
INSERT INTO `log` VALUES ('38', '2017-09-25 12:05:01', '1', '修改订单', '1', '15');
INSERT INTO `log` VALUES ('39', '2017-09-25 12:05:54', '1', '上传订单', '1', '1');
INSERT INTO `log` VALUES ('40', '2017-09-25 12:10:34', '1', '添加订单', '1', '17');
INSERT INTO `log` VALUES ('41', '2017-09-25 12:10:59', '1', '修改订单', '1', '17');
INSERT INTO `log` VALUES ('42', '2017-09-25 12:11:15', '1', '上传订单', '1', '1');
INSERT INTO `log` VALUES ('43', '2017-09-25 12:13:24', '1', '修改订单', '1', '18');
INSERT INTO `log` VALUES ('44', '2017-09-25 12:13:38', '1', '上传订单', '1', '1');
INSERT INTO `log` VALUES ('45', '2017-09-25 12:14:44', '1', '修改订单', '1', '19');
INSERT INTO `log` VALUES ('46', '2017-09-25 12:14:54', '1', '上传订单', '1', '1');
INSERT INTO `log` VALUES ('47', '2017-09-25 12:16:05', '1', '添加订单', '1', '21');
INSERT INTO `log` VALUES ('48', '2017-09-25 12:16:14', '1', '修改订单', '1', '21');
INSERT INTO `log` VALUES ('49', '2017-09-25 12:16:19', '1', '上传订单', '1', '1');
INSERT INTO `log` VALUES ('50', '2017-09-25 12:17:29', '1', '修改订单', '1', '22');
INSERT INTO `log` VALUES ('51', '2017-09-25 12:17:36', '1', '上传订单', '1', '1');
INSERT INTO `log` VALUES ('52', '2017-09-25 12:18:57', '1', '添加订单', '1', '24');
INSERT INTO `log` VALUES ('53', '2017-09-25 12:19:54', '1', '修改订单', '1', '24');
INSERT INTO `log` VALUES ('54', '2017-09-25 12:20:46', '1', '上传订单', '1', '1');
INSERT INTO `log` VALUES ('55', '2017-09-25 12:26:25', '1', '修改订单', '1', '25');
INSERT INTO `log` VALUES ('56', '2017-09-25 12:27:11', '1', '上传订单', '1', '1');
INSERT INTO `log` VALUES ('57', '2017-09-25 13:26:39', '1', '添加订单', '1', '27');
INSERT INTO `log` VALUES ('58', '2017-09-25 13:30:00', '1', '下载订单', '0', '27');
INSERT INTO `log` VALUES ('59', '2017-09-25 13:30:19', '1', '下载订单', '0', '27');
INSERT INTO `log` VALUES ('60', '2017-09-25 13:30:42', '1', '提交订单', '4', '27');
INSERT INTO `log` VALUES ('61', '2017-09-25 13:30:49', '1', '撤回订单', '1', '27');
INSERT INTO `log` VALUES ('62', '2017-09-25 13:31:00', '1', '审核订单', '1', '0');
INSERT INTO `log` VALUES ('63', '2017-09-25 13:31:49', '1', '添加订单', '1', '29');
INSERT INTO `log` VALUES ('64', '2017-09-25 13:32:36', '1', '下载订单', '0', '29');
INSERT INTO `log` VALUES ('65', '2017-09-25 13:32:58', '1', '下载订单', '0', '29');
INSERT INTO `log` VALUES ('66', '2017-09-25 13:33:13', '1', '下载订单', '0', '29');
INSERT INTO `log` VALUES ('67', '2017-09-25 13:33:33', '1', '下载订单', '0', '29');
INSERT INTO `log` VALUES ('68', '2017-09-25 13:35:40', '1', '下载订单', '0', '29');
INSERT INTO `log` VALUES ('69', '2017-09-25 13:35:59', '1', '提交订单', '1', '29');
INSERT INTO `log` VALUES ('70', '2017-09-25 13:36:07', '1', '下载订单', '0', '29');
INSERT INTO `log` VALUES ('71', '2017-09-25 13:36:29', '1', '提交订单', '4', '30');
INSERT INTO `log` VALUES ('72', '2017-09-25 13:36:57', '1', '下载订单', '0', '29');
INSERT INTO `log` VALUES ('73', '2017-09-25 13:37:06', '1', '提交订单', '4', '31');
INSERT INTO `log` VALUES ('74', '2017-09-25 13:37:19', '1', '下载订单', '0', '29');
INSERT INTO `log` VALUES ('75', '2017-09-25 13:37:56', '1', '下载订单', '0', '29');
INSERT INTO `log` VALUES ('76', '2017-09-25 13:38:16', '1', '下载订单', '0', '29');
INSERT INTO `log` VALUES ('77', '2017-09-25 13:39:33', '1', '下载订单', '0', '29');
INSERT INTO `log` VALUES ('78', '2017-09-25 13:40:30', '1', '下载订单', '0', '29');
INSERT INTO `log` VALUES ('79', '2017-09-25 13:41:39', '1', '下载订单', '0', '29');
INSERT INTO `log` VALUES ('80', '2017-09-25 13:53:56', '1', '添加订单', '1', '33');
INSERT INTO `log` VALUES ('81', '2017-09-25 13:55:43', '1', '添加订单', '1', '34');
INSERT INTO `log` VALUES ('82', '2017-09-25 13:55:59', '1', '下载订单', '0', '34');
INSERT INTO `log` VALUES ('83', '2017-09-25 14:00:08', '1', '添加订单', '1', '35');
INSERT INTO `log` VALUES ('84', '2017-09-25 14:00:24', '1', '添加订单', '1', '36');
INSERT INTO `log` VALUES ('85', '2017-09-25 14:01:37', '1', '下载订单', '0', '35');
INSERT INTO `log` VALUES ('86', '2017-09-25 14:06:30', '1', '下载订单', '0', '36');
INSERT INTO `log` VALUES ('87', '2017-09-25 14:07:27', '1', '下载订单', '0', '36');
INSERT INTO `log` VALUES ('88', '2017-09-25 14:07:39', '1', '下载订单', '0', '36');
INSERT INTO `log` VALUES ('89', '2017-09-25 14:08:13', '1', '提交订单', '1', '36');
INSERT INTO `log` VALUES ('90', '2017-09-25 14:08:18', '1', '下载订单', '0', '36');
INSERT INTO `log` VALUES ('91', '2017-09-25 14:09:13', '1', '撤回订单', '1', '36');
INSERT INTO `log` VALUES ('92', '2017-09-25 14:09:31', '1', '下载订单', '0', '36');
INSERT INTO `log` VALUES ('93', '2017-09-25 14:09:44', '1', '审核订单', '1', '0');
INSERT INTO `log` VALUES ('94', '2017-09-25 14:10:39', '1', '修改订单', '1', '26');
INSERT INTO `log` VALUES ('95', '2017-09-25 14:11:22', '1', '修改订单', '1', '16');
INSERT INTO `log` VALUES ('96', '2017-09-25 14:16:53', '1', '添加订单', '1', '38');
INSERT INTO `log` VALUES ('97', '2017-09-25 14:20:52', '1', '修改订单', '1', '23');
INSERT INTO `log` VALUES ('98', '2017-09-25 14:24:49', '1', '添加订单', '1', '39');
INSERT INTO `log` VALUES ('99', '2017-09-25 14:25:13', '1', '修改订单', '1', '39');
INSERT INTO `log` VALUES ('100', '2017-09-25 14:26:49', '1', '添加订单', '1', '40');
INSERT INTO `log` VALUES ('101', '2017-09-25 14:28:06', '1', '添加订单', '1', '41');
INSERT INTO `log` VALUES ('102', '2017-09-25 14:30:30', '1', '下载订单', '0', '38');
INSERT INTO `log` VALUES ('103', '2017-09-25 14:30:51', '1', '提交订单', '4', '38');
INSERT INTO `log` VALUES ('104', '2017-09-25 14:31:00', '1', '下载订单', '0', '38');
INSERT INTO `log` VALUES ('105', '2017-09-25 14:31:26', '1', '上传订单', '1', '1');
INSERT INTO `log` VALUES ('106', '2017-09-25 14:32:00', '1', '修改订单', '1', '43');
INSERT INTO `log` VALUES ('107', '2017-09-25 14:38:21', '1', '上传订单', '1', '1');
INSERT INTO `log` VALUES ('108', '2017-09-25 14:47:30', '1', '添加订单', '1', '45');
INSERT INTO `log` VALUES ('109', '2017-09-25 14:49:25', '1', '添加订单', '1', '45');
INSERT INTO `log` VALUES ('110', '2017-09-25 14:52:52', '1', '审核订单', '1', '0');
INSERT INTO `log` VALUES ('111', '2017-09-25 14:56:38', '1', '审核订单', '1', '0');
INSERT INTO `log` VALUES ('112', '2017-09-25 14:57:35', '1', '审核订单', '1', '0');
INSERT INTO `log` VALUES ('113', '2017-09-25 14:58:16', '1', '审核订单', '1', '0');
INSERT INTO `log` VALUES ('114', '2017-09-25 14:59:11', '1', '审核订单', '1', '0');
INSERT INTO `log` VALUES ('115', '2017-09-25 15:00:33', '1', '删除订单', '1', '45');
INSERT INTO `log` VALUES ('116', '2017-09-26 13:38:39', '1', '添加订单', '1', '46');
INSERT INTO `log` VALUES ('117', '2017-09-26 13:38:52', '1', '修改订单', '1', '46');
INSERT INTO `log` VALUES ('118', '2017-09-26 13:39:04', '1', '上传订单', '1', '1');
INSERT INTO `log` VALUES ('119', '2017-09-27 09:30:03', '1', '添加订单', '1', '48');
INSERT INTO `log` VALUES ('120', '2017-09-27 09:30:14', '1', '修改订单', '1', '48');
INSERT INTO `log` VALUES ('121', '2017-09-27 09:32:15', '1', '上传订单', '1', '1');
INSERT INTO `log` VALUES ('122', '2017-09-27 09:32:27', '1', '修改订单', '1', '49');
INSERT INTO `log` VALUES ('123', '2017-09-27 09:33:03', '1', '上传订单', '1', '1');
INSERT INTO `log` VALUES ('124', '2017-09-27 09:41:39', '1', '修改订单', '1', '50');
INSERT INTO `log` VALUES ('125', '2017-09-27 09:41:48', '1', '上传订单', '3', '1');
INSERT INTO `log` VALUES ('126', '2017-09-27 09:43:27', '1', '添加订单', '3', '52');
INSERT INTO `log` VALUES ('127', '2017-09-28 19:42:00', '1', '撤回订单', '1', '46');
INSERT INTO `log` VALUES ('128', '2017-10-06 15:27:52', '1', '添加订单', '1', '53');
INSERT INTO `log` VALUES ('129', '2017-10-06 15:28:26', '1', '修改订单', '1', '53');
INSERT INTO `log` VALUES ('130', '2017-10-06 15:28:42', '1', '上传订单', '1', '1');
INSERT INTO `log` VALUES ('131', '2017-10-06 15:49:45', '1', '审核订单', '1', '0');
INSERT INTO `log` VALUES ('132', '2017-10-06 15:50:11', '1', '添加订单', '1', '55');
INSERT INTO `log` VALUES ('133', '2017-10-06 15:51:02', '1', '添加订单', '1', '56');
INSERT INTO `log` VALUES ('134', '2017-10-06 15:51:24', '1', '修改订单', '1', '56');
INSERT INTO `log` VALUES ('135', '2017-10-06 15:51:36', '1', '上传订单', '1', '1');
INSERT INTO `log` VALUES ('136', '2017-10-06 15:51:47', '1', '撤回订单', '1', '56');
INSERT INTO `log` VALUES ('137', '2017-10-06 18:59:19', '1', '添加订单', '14', '58');
INSERT INTO `log` VALUES ('138', '2017-10-06 19:00:18', '1', '下载订单', '0', '58');
INSERT INTO `log` VALUES ('139', '2017-10-06 19:01:09', '1', '提交订单', '16', '58');
INSERT INTO `log` VALUES ('140', '2017-10-06 19:01:22', '1', '下载订单', '0', '58');
INSERT INTO `log` VALUES ('141', '2017-10-06 19:01:42', '1', '下载订单', '0', '58');
INSERT INTO `log` VALUES ('142', '2017-10-06 19:02:01', '1', '下载订单', '0', '58');
INSERT INTO `log` VALUES ('143', '2017-10-06 19:02:19', '1', '提交订单', '16', '59');
INSERT INTO `log` VALUES ('144', '2017-10-06 19:02:38', '1', '下载订单', '0', '58');
INSERT INTO `log` VALUES ('145', '2017-10-06 19:09:02', '1', '下载订单', '0', '58');
INSERT INTO `log` VALUES ('146', '2017-10-06 19:09:17', '1', '提交订单', '16', '60');
INSERT INTO `log` VALUES ('147', '2017-10-06 19:10:28', '1', '下载订单', '0', '58');
INSERT INTO `log` VALUES ('148', '2017-10-06 19:10:53', '1', '提交订单', '17', '61');
INSERT INTO `log` VALUES ('149', '2017-10-06 19:11:32', '1', '下载订单', '0', '58');
INSERT INTO `log` VALUES ('150', '2017-10-06 19:12:10', '1', '撤回订单', '16', '61');
INSERT INTO `log` VALUES ('151', '2017-10-06 19:12:18', '1', '撤回订单', '16', '60');
INSERT INTO `log` VALUES ('152', '2017-10-06 19:12:27', '1', '撤回订单', '14', '58');
INSERT INTO `log` VALUES ('153', '2017-10-06 19:12:36', '1', '下载订单', '0', '58');
INSERT INTO `log` VALUES ('154', '2017-10-06 19:15:07', '1', '下载订单', '0', '58');
INSERT INTO `log` VALUES ('155', '2017-10-06 19:15:28', '1', '下载订单', '0', '58');
INSERT INTO `log` VALUES ('156', '2017-10-06 19:15:58', '1', '下载订单', '0', '58');
INSERT INTO `log` VALUES ('157', '2017-10-06 19:16:26', '1', '提交订单', '16', '58');
INSERT INTO `log` VALUES ('158', '2017-10-06 19:16:36', '1', '下载订单', '0', '58');
INSERT INTO `log` VALUES ('159', '2017-10-06 19:17:59', '1', '下载订单', '0', '58');
INSERT INTO `log` VALUES ('160', '2017-10-06 19:18:51', '1', '下载订单', '0', '58');
INSERT INTO `log` VALUES ('161', '2017-10-06 19:27:00', '1', '下载订单', '0', '58');
INSERT INTO `log` VALUES ('162', '2017-10-06 19:27:26', '1', '提交订单', '17', '63');
INSERT INTO `log` VALUES ('163', '2017-10-06 19:27:38', '1', '下载订单', '0', '58');
INSERT INTO `log` VALUES ('164', '2017-10-06 19:34:14', '1', '下载订单', '0', '58');
INSERT INTO `log` VALUES ('165', '2017-10-06 19:37:38', '1', '下载订单', '0', '58');
INSERT INTO `log` VALUES ('166', '2017-10-06 19:39:10', '1', '提交订单', '17', '64');
INSERT INTO `log` VALUES ('167', '2017-10-06 19:39:21', '1', '下载订单', '0', '58');
INSERT INTO `log` VALUES ('168', '2017-10-06 19:40:05', '1', '撤回订单', '17', '64');
INSERT INTO `log` VALUES ('169', '2017-10-06 19:49:21', '1', '撤回订单', '16', '63');
INSERT INTO `log` VALUES ('170', '2017-10-06 19:49:28', '1', '下载订单', '0', '58');
INSERT INTO `log` VALUES ('171', '2017-10-06 19:50:14', '1', '提交订单', '17', '63');
INSERT INTO `log` VALUES ('172', '2017-10-06 19:50:27', '1', '下载订单', '0', '58');
INSERT INTO `log` VALUES ('173', '2017-10-06 19:51:04', '1', '撤回订单', '14', '58');
INSERT INTO `log` VALUES ('174', '2017-10-06 19:51:11', '1', '下载订单', '0', '58');
INSERT INTO `log` VALUES ('175', '2017-10-06 19:51:24', '1', '提交订单', '16', '58');
INSERT INTO `log` VALUES ('176', '2017-10-06 19:54:29', '1', '审核订单', '17', '0');
INSERT INTO `log` VALUES ('177', '2017-10-06 19:56:14', '1', '添加订单', '1', '68');
INSERT INTO `log` VALUES ('178', '2017-10-06 19:56:29', '1', '修改订单', '1', '68');
INSERT INTO `log` VALUES ('179', '2017-10-06 19:57:17', '1', '上传订单', '1', '1');
INSERT INTO `log` VALUES ('180', '2017-10-06 20:06:06', '1', '修改订单', '1', '33');
INSERT INTO `log` VALUES ('181', '2017-10-06 20:12:16', '1', '修改订单', '1', '40');
INSERT INTO `log` VALUES ('182', '2017-10-06 20:12:21', '1', '修改订单', '1', '56');
INSERT INTO `log` VALUES ('183', '2017-10-06 20:13:21', '1', '修改订单', '3', '52');
INSERT INTO `log` VALUES ('184', '2017-10-06 20:16:29', '1', '添加订单', '1', '70');
INSERT INTO `log` VALUES ('185', '2017-10-06 20:16:48', '1', '修改订单', '1', '70');
INSERT INTO `log` VALUES ('186', '2017-10-06 20:37:41', '1', '修改订单', '1', '41');
INSERT INTO `log` VALUES ('187', '2017-10-06 20:45:18', '1', '修改订单', '3', '51');
INSERT INTO `log` VALUES ('188', '2017-10-06 20:49:53', '1', '添加订单', '1', '71');
INSERT INTO `log` VALUES ('189', '2017-10-06 20:51:58', '1', '修改订单', '1', '71');
INSERT INTO `log` VALUES ('190', '2017-10-06 20:53:43', '1', '修改订单', '1', '71');
INSERT INTO `log` VALUES ('191', '2017-10-06 20:55:44', '1', '修改订单', '1', '71');
INSERT INTO `log` VALUES ('192', '2017-10-06 20:56:34', '1', '修改订单', '1', '71');
INSERT INTO `log` VALUES ('193', '2017-10-06 21:08:49', '1', '修改订单', '1', '71');
INSERT INTO `log` VALUES ('194', '2017-10-06 21:09:43', '1', '修改订单', '1', '71');
INSERT INTO `log` VALUES ('195', '2017-10-06 21:13:21', '1', '修改订单', '1', '71');
INSERT INTO `log` VALUES ('196', '2017-10-06 21:18:30', '1', '修改订单', '1', '71');
INSERT INTO `log` VALUES ('197', '2017-10-06 21:24:31', '1', '修改订单', '1', '71');
INSERT INTO `log` VALUES ('198', '2017-10-06 21:26:09', '1', '修改订单', '1', '71');
INSERT INTO `log` VALUES ('199', '2017-10-06 21:27:26', '1', '修改订单', '1', '71');
INSERT INTO `log` VALUES ('200', '2017-10-06 21:34:04', '1', '修改订单', '1', '71');
INSERT INTO `log` VALUES ('201', '2017-10-06 21:42:20', '1', '修改订单', '1', '71');
INSERT INTO `log` VALUES ('202', '2017-10-06 21:44:58', '1', '修改订单', '1', '71');
INSERT INTO `log` VALUES ('203', '2017-10-06 22:14:48', '1', '修改订单', '1', '71');
INSERT INTO `log` VALUES ('204', '2017-10-06 22:19:49', '1', '修改订单', '1', '71');
INSERT INTO `log` VALUES ('205', '2017-10-06 22:27:26', '1', '修改订单', '1', '71');
INSERT INTO `log` VALUES ('206', '2017-10-06 22:29:54', '1', '修改订单', '1', '71');
INSERT INTO `log` VALUES ('207', '2017-10-06 22:34:58', '1', '修改订单', '1', '71');
INSERT INTO `log` VALUES ('208', '2017-10-06 22:36:19', '1', '修改订单', '1', '71');
INSERT INTO `log` VALUES ('209', '2017-10-06 22:41:59', '1', '修改订单', '1', '71');
INSERT INTO `log` VALUES ('210', '2017-10-07 11:55:05', '1', '添加订单', '1', '72');
INSERT INTO `log` VALUES ('211', '2017-10-07 11:58:06', '1', '修改订单', '1', '72');
INSERT INTO `log` VALUES ('212', '2017-10-07 11:58:14', '1', '上传订单', '1', '1');
INSERT INTO `log` VALUES ('213', '2017-10-09 12:22:02', '1', '添加订单', '1', '74');
INSERT INTO `log` VALUES ('214', '2017-10-09 12:22:26', '1', '下载订单', '0', '74');

-- ----------------------------
-- Table structure for `role`
-- ----------------------------
DROP TABLE IF EXISTS `role`;
CREATE TABLE `role` (
  `role_id` int(11) NOT NULL AUTO_INCREMENT,
  `role_name` varchar(30) NOT NULL,
  `state` int(4) NOT NULL,
  PRIMARY KEY (`role_id`)
) ENGINE=InnoDB AUTO_INCREMENT=5 DEFAULT CHARSET=utf8;

-- ----------------------------
-- Records of role
-- ----------------------------
INSERT INTO `role` VALUES ('1', '录入员', '1');
INSERT INTO `role` VALUES ('2', '编辑员', '1');
INSERT INTO `role` VALUES ('3', '审核员', '1');
INSERT INTO `role` VALUES ('4', '普通用户', '1');

-- ----------------------------
-- Table structure for `user`
-- ----------------------------
DROP TABLE IF EXISTS `user`;
CREATE TABLE `user` (
  `user_id` int(11) NOT NULL AUTO_INCREMENT,
  `account` varchar(20) NOT NULL,
  `sex` int(1) DEFAULT NULL,
  `password` varchar(20) NOT NULL,
  `mail` varchar(50) DEFAULT NULL,
  `nickname` varchar(20) NOT NULL,
  `user_state` int(4) NOT NULL,
  `role_id` int(11) NOT NULL,
  `color` varchar(20) NOT NULL,
  PRIMARY KEY (`user_id`)
) ENGINE=InnoDB AUTO_INCREMENT=19 DEFAULT CHARSET=utf8;

-- ----------------------------
-- Records of user
-- ----------------------------
INSERT INTO `user` VALUES ('1', '1', '1', '1', '123123', '沙瑞金', '1', '3', '#FFF000');
INSERT INTO `user` VALUES ('3', '003003', '1', '003003', '23434@qq.com', '祁同伟', '1', '1', '#00AC56');
INSERT INTO `user` VALUES ('4', '004004', '1', '004004', '234@qq.com', '侯亮平', '1', '2', '#668156');
INSERT INTO `user` VALUES ('5', '008008', '1', '008008', '234324', '吃瓜群众', '1', '4', '#CCFF56');
INSERT INTO `user` VALUES ('7', '009009', '1', '009009', '12332', '夏洛特', '1', '2', '#998156');
INSERT INTO `user` VALUES ('8', '100101', '0', '100101', '1111', '马冬梅2', '1', '4', '#00562B');
INSERT INTO `user` VALUES ('11', 'yh01', '1', '123456', '11', 'yh01', '1', '1', '#FF8181');
INSERT INTO `user` VALUES ('12', '11101', '1', '123456', '11', 'yh01', '1', '1', '#FF8181');
INSERT INTO `user` VALUES ('13', '17855422378', '1', '1234567', '', 'huxi', '1', '4', '#3356AC');
INSERT INTO `user` VALUES ('14', '123111', '1', '111111', '', '哈哈', '1', '1', '#33002B');
INSERT INTO `user` VALUES ('16', '123222', '1', '111111', '', '哈哈2', '1', '2', '#00FF56');
INSERT INTO `user` VALUES ('17', '123333', '1', '111111', '', '哈哈3', '1', '3', '#00FF56');
INSERT INTO `user` VALUES ('18', '1', '1', '1111111', '', '啊啊', '1', '1', '#002B56');
